<?xml version="1.0" encoding="UTF-8"?>
<files>
  <file name="__ia_thumb.jpg" source="original">
    <mtime>1613497221</mtime>
    <size>17193</size>
    <md5>3e5c3b0cb5b5471d6789bbd5be3c843c</md5>
    <crc32>13a6bda8</crc32>
    <sha1>96edb1596eb0beaf154963f1d358d96bee12cacf</sha1>
    <format>Item Tile</format>
    <rotation>0</rotation>
  </file>
  <file name="bandicam 2021-02-16 11-17-19-612.jpg" source="original">
    <mtime>1613496781</mtime>
    <size>261520</size>
    <md5>5f28beb2ea707c2f00ed8ac98778eb2f</md5>
    <crc32>97bd61f8</crc32>
    <sha1>652b3b6d2b545b37d803b3726434fb05e1b96144</sha1>
    <format>JPEG</format>
    <rotation>0</rotation>
  </file>
  <file name="bandicam 2021-02-16 11-17-19-612_thumb.jpg" source="derivative">
    <format>JPEG Thumb</format>
    <original>bandicam 2021-02-16 11-17-19-612.jpg</original>
    <mtime>1613497199</mtime>
    <size>6384</size>
    <md5>5eb4af66997ad495805ab50cd2b538b5</md5>
    <crc32>04a10b69</crc32>
    <sha1>9d599a12509904ea3f7683a57a5017435ec5e2a4</sha1>
  </file>
  <file name="bandicam 2021-02-16 11-17-24-566.jpg" source="original">
    <mtime>1613496811</mtime>
    <size>350757</size>
    <md5>6d79511b14f7229f1b33a89b9cae8d23</md5>
    <crc32>7c8f6849</crc32>
    <sha1>370b36fe0dfd70f0f5efeb3b9f203789b398ce9e</sha1>
    <format>Emulator Screenshot</format>
    <rotation>0</rotation>
  </file>
  <file name="bandicam 2021-02-16 11-17-24-566_thumb.jpg" source="derivative">
    <format>JPEG Thumb</format>
    <original>bandicam 2021-02-16 11-17-24-566.jpg</original>
    <mtime>1613497201</mtime>
    <size>6759</size>
    <md5>8cc28f8184a7c37de50d66378e456124</md5>
    <crc32>e635b677</crc32>
    <sha1>f2c14965cb0a294f9a82e27a174e6b337b9fa372</sha1>
  </file>
  <file name="odyssey.bin" source="original">
    <mtime>1613496817</mtime>
    <size>3618222</size>
    <md5>1ecfe701c60973cbd2d22e0ec60a5100</md5>
    <crc32>c43856bd</crc32>
    <sha1>32fbb6dbe2dc875d3c8f142fb0aac33bcdf50734</sha1>
    <format>Unknown</format>
  </file>
  <file name="odyssey_bin_archive.torrent" source="metadata">
    <btih>21337c6de54ad9c0d9591671766285010c390f1e</btih>
    <mtime>1616084243</mtime>
    <size>2706</size>
    <md5>895006d0964085c96cb2b25ea853cf83</md5>
    <crc32>6e11759f</crc32>
    <sha1>0560c6def2c03bf57804ff8185bc2c14204ec878</sha1>
    <format>Archive BitTorrent</format>
  </file>
  <file name="odyssey_bin_files.xml" source="original">
    <format>Metadata</format>
    <md5>72e18adbb5f7cc5895d62997bf7cef35</md5>
    <summation>md5</summation>
  </file>
  <file name="odyssey_bin_meta.sqlite" source="original">
    <mtime>1613496834</mtime>
    <size>28672</size>
    <md5>97c148889c89b5404e65196687921c1c</md5>
    <crc32>0b2f9c29</crc32>
    <sha1>31b0d11b1be80a44a6fa6be9e51cac117faa9aa9</sha1>
    <format>Metadata</format>
  </file>
  <file name="odyssey_bin_meta.xml" source="original">
    <mtime>1614796507</mtime>
    <size>1186</size>
    <md5>6b580f686acb07007edd2c62d8fe0706</md5>
    <crc32>954fc3e8</crc32>
    <sha1>ba35e1698a6034c6cf1147bf0f8aecbaee2ebffe</sha1>
    <format>Metadata</format>
  </file>
  <file name="odyssey_bin_reviews.xml" source="original">
    <mtime>1616084240</mtime>
    <size>526</size>
    <md5>f2dc63fe7d40d405c66388904404484b</md5>
    <crc32>55e26607</crc32>
    <sha1>c6fcbb96b9ee352919061c2d5cda77cc7d77130d</sha1>
    <format>Metadata</format>
  </file>
</files>
