<?xml version="1.0" encoding="UTF-8"?>
<metadata>
  <identifier>odyssey_bin</identifier>
  <mediatype>software</mediatype>
  <collection>sonicromhacks</collection>
  <creator>Pacguy</creator>
  <date>2018-01-23</date>
  <description>&lt;span style="color:rgb(3,3,3);font-family:Roboto, Arial, sans-serif;font-size:14px;white-space:pre-wrap;background-color:rgb(249,249,249);"&gt;Pacguy decided that it would be fun to add the Cappy capture mechanic from Super Mario Odyssey to Sonic the Hedgehog 2. Then this happened.&lt;/span&gt;</description>
  <scanner>Internet Archive HTML5 Uploader 1.6.4</scanner>
  <subject>Sonic</subject>
  <subject>Genesis</subject>
  <subject>ROM Hack</subject>
  <title>Super Sonic Odyssey</title>
  <uploader>jen.waughtal@gmail.com</uploader>
  <publicdate>2021-02-16 17:33:36</publicdate>
  <addeddate>2021-02-16 17:33:36</addeddate>
  <curation>[curator]validator@archive.org[/curator][date]20210216173935[/date][comment]checked for malware[/comment]</curation>
  <year>2018</year>
  <emulator>genesis</emulator>
  <emulator_ext>bin</emulator_ext>
  <collection>sega_genesis_library</collection>
  <collection>consolelivingroom</collection>
</metadata>
