<?xml version="1.0" encoding="UTF-8"?>
<reviews itemIdentifier="odyssey_bin">
  <review>
    <reviewtitle>Got to go fast</reviewtitle>
    <reviewbody>Insert jump up super star bass boost a lot</reviewbody>
    <stars>5</stars>
    <reviewer>angelus692</reviewer>
    <reviewdate>2021-03-18 16:17:12</reviewdate>
    <createdate>2021-03-18 16:17:12</createdate>
    <reviewer_itemname>@angelus692</reviewer_itemname>
  </review>
  <info>
    <num_reviews>1</num_reviews>
    <avg_rating>5.00</avg_rating>
  </info>
</reviews>
